parcel_id,crop,ml_score,rule_score
atk_fatehjang_00,chickpea,27.771038,24.77269602927732
atk_fatehjang_00,groundnut,29.613455,24.499818214842538
atk_fatehjang_00,maize,62.197567,46.10483461957563
atk_fatehjang_00,mustard,11.706272,17.64031741805919
atk_fatehjang_00,olive,48.205486,44.615606113754744
atk_fatehjang_00,wheat,54.872894,27.523842282936346
atk_fatehjang_01,chickpea,27.771038,24.77269602927732
atk_fatehjang_01,groundnut,29.613455,24.499818214842538
atk_fatehjang_01,maize,62.197567,46.10483461957563
atk_fatehjang_01,mustard,11.706272,17.64031741805919
atk_fatehjang_01,olive,48.205486,44.615606113754744
atk_fatehjang_01,wheat,54.872894,27.523842282936346
atk_fatehjang_02,chickpea,27.771038,24.77269602927732
atk_fatehjang_02,groundnut,29.613455,24.499818214842538
atk_fatehjang_02,maize,62.197567,46.10483461957563
atk_fatehjang_02,mustard,11.706272,17.64031741805919
atk_fatehjang_02,olive,48.205486,44.615606113754744
atk_fatehjang_02,wheat,54.872894,27.523842282936346
atk_fatehjang_10,chickpea,27.771038,24.77269602927732
atk_fatehjang_10,groundnut,29.613455,24.499818214842538
atk_fatehjang_10,maize,62.197567,46.10483461957563
atk_fatehjang_10,mustard,11.706272,17.64031741805919
atk_fatehjang_10,olive,48.205486,44.615606113754744
atk_fatehjang_10,wheat,54.872894,27.523842282936346
atk_fatehjang_11,chickpea,27.771038,24.77269602927732
atk_fatehjang_11,groundnut,29.613455,24.499818214842538
atk_fatehjang_11,maize,62.197567,46.10483461957563
atk_fatehjang_11,mustard,11.706272,17.64031741805919
atk_fatehjang_11,olive,48.205486,44.615606113754744
atk_fatehjang_11,wheat,54.872894,27.523842282936346
atk_fatehjang_12,chickpea,27.771038,24.77269602927732
atk_fatehjang_12,groundnut,29.613455,24.499818214842538
atk_fatehjang_12,maize,62.197567,46.10483461957563
atk_fatehjang_12,mustard,11.706272,17.64031741805919
atk_fatehjang_12,olive,48.205486,44.615606113754744
atk_fatehjang_12,wheat,54.872894,27.523842282936346
atk_fatehjang_20,chickpea,27.771038,24.77269602927732
atk_fatehjang_20,groundnut,29.613455,24.499818214842538
atk_fatehjang_20,maize,62.197567,46.10483461957563
atk_fatehjang_20,mustard,11.706272,17.64031741805919
atk_fatehjang_20,olive,48.205486,44.615606113754744
atk_fatehjang_20,wheat,54.872894,27.523842282936346
atk_fatehjang_21,chickpea,27.771038,24.77269602927732
atk_fatehjang_21,groundnut,29.613455,24.499818214842538
atk_fatehjang_21,maize,62.197567,46.10483461957563
atk_fatehjang_21,mustard,11.706272,17.64031741805919
atk_fatehjang_21,olive,48.205486,44.615606113754744
atk_fatehjang_21,wheat,54.872894,27.523842282936346
atk_fatehjang_22,chickpea,27.771038,24.77269602927732
atk_fatehjang_22,groundnut,29.613455,24.499818214842538
atk_fatehjang_22,maize,62.197567,46.10483461957563
atk_fatehjang_22,mustard,11.706272,17.64031741805919
atk_fatehjang_22,olive,48.205486,44.615606113754744
atk_fatehjang_22,wheat,54.872894,27.523842282936346
ckw_chakwal_00,chickpea,16.639116,25.833112909693973
ckw_chakwal_00,groundnut,34.9057,33.63699472741935
ckw_chakwal_00,maize,79.99962,60.31184426118472
ckw_chakwal_00,mustard,13.88061,18.112326654925116
ckw_chakwal_00,olive,50.669857,45.733256877798155
ckw_chakwal_00,wheat,34.01546,27.060275177231176
ckw_chakwal_01,chickpea,16.639116,25.833112909693973
ckw_chakwal_01,groundnut,34.9057,33.63699472741935
ckw_chakwal_01,maize,79.99962,60.31184426118472
ckw_chakwal_01,mustard,13.88061,18.112326654925116
ckw_chakwal_01,olive,50.669857,45.733256877798155
ckw_chakwal_01,wheat,34.01546,27.060275177231176
ckw_chakwal_02,chickpea,16.639116,25.833112909693973
ckw_chakwal_02,groundnut,34.9057,33.63699472741935
ckw_chakwal_02,maize,79.99962,60.31184426118472
ckw_chakwal_02,mustard,13.88061,18.112326654925116
ckw_chakwal_02,olive,50.669857,45.733256877798155
ckw_chakwal_02,wheat,34.01546,27.060275177231176
ckw_chakwal_10,chickpea,16.639116,25.833112909693973
ckw_chakwal_10,groundnut,34.9057,33.63699472741935
ckw_chakwal_10,maize,79.99962,60.31184426118472
ckw_chakwal_10,mustard,13.88061,18.112326654925116
ckw_chakwal_10,olive,50.669857,45.733256877798155
ckw_chakwal_10,wheat,34.01546,27.060275177231176
ckw_chakwal_11,chickpea,16.639116,25.833112909693973
ckw_chakwal_11,groundnut,34.9057,33.63699472741935
ckw_chakwal_11,maize,79.99962,60.31184426118472
ckw_chakwal_11,mustard,13.88061,18.112326654925116
ckw_chakwal_11,olive,50.669857,45.733256877798155
ckw_chakwal_11,wheat,34.01546,27.060275177231176
ckw_chakwal_12,chickpea,16.639116,25.833112909693973
ckw_chakwal_12,groundnut,34.9057,33.63699472741935
ckw_chakwal_12,maize,79.99962,60.31184426118472
ckw_chakwal_12,mustard,13.88061,18.112326654925116
ckw_chakwal_12,olive,50.669857,45.733256877798155
ckw_chakwal_12,wheat,34.01546,27.060275177231176
ckw_chakwal_20,chickpea,16.639116,25.833112909693973
ckw_chakwal_20,groundnut,34.9057,33.63699472741935
ckw_chakwal_20,maize,79.99962,60.31184426118472
ckw_chakwal_20,mustard,13.88061,18.112326654925116
ckw_chakwal_20,olive,50.669857,45.733256877798155
ckw_chakwal_20,wheat,34.01546,27.060275177231176
ckw_chakwal_21,chickpea,16.639116,25.833112909693973
ckw_chakwal_21,groundnut,34.9057,33.63699472741935
ckw_chakwal_21,maize,79.99962,60.31184426118472
ckw_chakwal_21,mustard,13.88061,18.112326654925116
ckw_chakwal_21,olive,50.669857,45.733256877798155
ckw_chakwal_21,wheat,34.01546,27.060275177231176
ckw_chakwal_22,chickpea,16.639116,25.833112909693973
ckw_chakwal_22,groundnut,34.9057,33.63699472741935
ckw_chakwal_22,maize,79.99962,60.31184426118472
ckw_chakwal_22,mustard,13.88061,18.112326654925116
ckw_chakwal_22,olive,50.669857,45.733256877798155
ckw_chakwal_22,wheat,34.01546,27.060275177231176
isb_narc_00,chickpea,35.684784,29.507685349890238
isb_narc_00,groundnut,33.374363,32.238746840149794
isb_narc_00,maize,71.17786,66.11226589166671
isb_narc_00,mustard,12.427782,21.05036879336118
isb_narc_00,olive,16.15617,42.27940258612773
isb_narc_00,wheat,54.738384,33.28229636028851
isb_narc_01,chickpea,35.684784,29.507685349890238
isb_narc_01,groundnut,33.374363,32.238746840149794
isb_narc_01,maize,71.17786,66.11226589166671
isb_narc_01,mustard,12.427782,21.05036879336118
isb_narc_01,olive,16.15617,42.27940258612773
isb_narc_01,wheat,54.738384,33.28229636028851
isb_narc_02,chickpea,35.684784,29.507685349890238
isb_narc_02,groundnut,33.374363,32.238746840149794
isb_narc_02,maize,71.17786,66.11226589166671
isb_narc_02,mustard,12.427782,21.05036879336118
isb_narc_02,olive,16.15617,42.27940258612773
isb_narc_02,wheat,54.738384,33.28229636028851
isb_narc_10,chickpea,35.684784,29.507685349890238
isb_narc_10,groundnut,33.374363,32.238746840149794
isb_narc_10,maize,71.17786,66.11226589166671
isb_narc_10,mustard,12.427782,21.05036879336118
isb_narc_10,olive,16.15617,42.27940258612773
isb_narc_10,wheat,54.738384,33.28229636028851
isb_narc_11,chickpea,35.684784,29.507685349890238
isb_narc_11,groundnut,33.374363,32.238746840149794
isb_narc_11,maize,71.17786,66.11226589166671
isb_narc_11,mustard,12.427782,21.05036879336118
isb_narc_11,olive,16.15617,42.27940258612773
isb_narc_11,wheat,54.738384,33.28229636028851
isb_narc_12,chickpea,35.684784,29.507685349890238
isb_narc_12,groundnut,33.374363,32.238746840149794
isb_narc_12,maize,71.17786,66.11226589166671
isb_narc_12,mustard,12.427782,21.05036879336118
isb_narc_12,olive,16.15617,42.27940258612773
isb_narc_12,wheat,54.738384,33.28229636028851
isb_narc_20,chickpea,35.684784,29.507685349890238
isb_narc_20,groundnut,33.374363,32.238746840149794
isb_narc_20,maize,71.17786,66.11226589166671
isb_narc_20,mustard,12.427782,21.05036879336118
isb_narc_20,olive,16.15617,42.27940258612773
isb_narc_20,wheat,54.738384,33.28229636028851
isb_narc_21,chickpea,35.684784,29.507685349890238
isb_narc_21,groundnut,33.374363,32.238746840149794
isb_narc_21,maize,71.17786,66.11226589166671
isb_narc_21,mustard,12.427782,21.05036879336118
isb_narc_21,olive,16.15617,42.27940258612773
isb_narc_21,wheat,54.738384,33.28229636028851
isb_narc_22,chickpea,35.684784,29.507685349890238
isb_narc_22,groundnut,33.374363,32.238746840149794
isb_narc_22,maize,71.17786,66.11226589166671
isb_narc_22,mustard,12.427782,21.05036879336118
isb_narc_22,olive,16.15617,42.27940258612773
isb_narc_22,wheat,54.738384,33.28229636028851
rwp_gujarkhan_00,chickpea,36.714767,30.755352016556902
rwp_gujarkhan_00,groundnut,41.953777,40.639178845257284
rwp_gujarkhan_00,maize,85.26075,77.3685586
rwp_gujarkhan_00,mustard,13.847835,22.609952126694505
rwp_gujarkhan_00,olive,16.697453,43.5270692527944
rwp_gujarkhan_00,wheat,55.907883,34.52996302695518
rwp_gujarkhan_01,chickpea,36.714767,30.755352016556902
rwp_gujarkhan_01,groundnut,41.953777,40.639178845257284
rwp_gujarkhan_01,maize,85.26075,77.3685586
rwp_gujarkhan_01,mustard,13.847835,22.609952126694505
rwp_gujarkhan_01,olive,16.697453,43.5270692527944
rwp_gujarkhan_01,wheat,55.907883,34.52996302695518
rwp_gujarkhan_02,chickpea,36.714767,30.755352016556902
rwp_gujarkhan_02,groundnut,41.953777,40.639178845257284
rwp_gujarkhan_02,maize,85.26075,77.3685586
rwp_gujarkhan_02,mustard,13.847835,22.609952126694505
rwp_gujarkhan_02,olive,16.697453,43.5270692527944
rwp_gujarkhan_02,wheat,55.907883,34.52996302695518
rwp_gujarkhan_10,chickpea,36.714767,30.755352016556902
rwp_gujarkhan_10,groundnut,41.953777,40.639178845257284
rwp_gujarkhan_10,maize,85.26075,77.3685586
rwp_gujarkhan_10,mustard,13.847835,22.609952126694505
rwp_gujarkhan_10,olive,16.697453,43.5270692527944
rwp_gujarkhan_10,wheat,55.907883,34.52996302695518
rwp_gujarkhan_11,chickpea,36.714767,30.755352016556902
rwp_gujarkhan_11,groundnut,41.953777,40.639178845257284
rwp_gujarkhan_11,maize,85.26075,77.3685586
rwp_gujarkhan_11,mustard,13.847835,22.609952126694505
rwp_gujarkhan_11,olive,16.697453,43.5270692527944
rwp_gujarkhan_11,wheat,55.907883,34.52996302695518
rwp_gujarkhan_12,chickpea,36.714767,30.755352016556902
rwp_gujarkhan_12,groundnut,41.953777,40.639178845257284
rwp_gujarkhan_12,maize,85.26075,77.3685586
rwp_gujarkhan_12,mustard,13.847835,22.609952126694505
rwp_gujarkhan_12,olive,16.697453,43.5270692527944
rwp_gujarkhan_12,wheat,55.907883,34.52996302695518
rwp_gujarkhan_20,chickpea,36.714767,30.755352016556902
rwp_gujarkhan_20,groundnut,41.953777,40.639178845257284
rwp_gujarkhan_20,maize,85.26075,77.3685586
rwp_gujarkhan_20,mustard,13.847835,22.609952126694505
rwp_gujarkhan_20,olive,16.697453,43.5270692527944
rwp_gujarkhan_20,wheat,55.907883,34.52996302695518
rwp_gujarkhan_21,chickpea,36.714767,30.755352016556902
rwp_gujarkhan_21,groundnut,41.953777,40.639178845257284
rwp_gujarkhan_21,maize,85.26075,77.3685586
rwp_gujarkhan_21,mustard,13.847835,22.609952126694505
rwp_gujarkhan_21,olive,16.697453,43.5270692527944
rwp_gujarkhan_21,wheat,55.907883,34.52996302695518
rwp_gujarkhan_22,chickpea,36.714767,30.755352016556902
rwp_gujarkhan_22,groundnut,41.953777,40.639178845257284
rwp_gujarkhan_22,maize,85.26075,77.3685586
rwp_gujarkhan_22,mustard,13.847835,22.609952126694505
rwp_gujarkhan_22,olive,16.697453,43.5270692527944
rwp_gujarkhan_22,wheat,55.907883,34.52996302695518
rwp_rawat_00,chickpea,36.67069,30.755352016556902
rwp_rawat_00,groundnut,46.348057,44.6121801581605
rwp_rawat_00,maize,85.43972,77.3685586
rwp_rawat_00,mustard,13.832214,22.609952126694505
rwp_rawat_00,olive,16.913143,43.5270692527944
rwp_rawat_00,wheat,55.860336,34.52996302695518
rwp_rawat_01,chickpea,36.67069,30.755352016556902
rwp_rawat_01,groundnut,46.348057,44.6121801581605
rwp_rawat_01,maize,85.43972,77.3685586
rwp_rawat_01,mustard,13.832214,22.609952126694505
rwp_rawat_01,olive,16.913143,43.5270692527944
rwp_rawat_01,wheat,55.860336,34.52996302695518
rwp_rawat_02,chickpea,36.67069,30.755352016556902
rwp_rawat_02,groundnut,46.348057,44.6121801581605
rwp_rawat_02,maize,85.43972,77.3685586
rwp_rawat_02,mustard,13.832214,22.609952126694505
rwp_rawat_02,olive,16.913143,43.5270692527944
rwp_rawat_02,wheat,55.860336,34.52996302695518
rwp_rawat_10,chickpea,36.67069,30.755352016556902
rwp_rawat_10,groundnut,46.348057,44.6121801581605
rwp_rawat_10,maize,85.43972,77.3685586
rwp_rawat_10,mustard,13.832214,22.609952126694505
rwp_rawat_10,olive,16.913143,43.5270692527944
rwp_rawat_10,wheat,55.860336,34.52996302695518
rwp_rawat_11,chickpea,36.67069,30.755352016556902
rwp_rawat_11,groundnut,46.348057,44.6121801581605
rwp_rawat_11,maize,85.43972,77.3685586
rwp_rawat_11,mustard,13.832214,22.609952126694505
rwp_rawat_11,olive,16.913143,43.5270692527944
rwp_rawat_11,wheat,55.860336,34.52996302695518
rwp_rawat_12,chickpea,36.67069,30.755352016556902
rwp_rawat_12,groundnut,46.348057,44.6121801581605
rwp_rawat_12,maize,85.43972,77.3685586
rwp_rawat_12,mustard,13.832214,22.609952126694505
rwp_rawat_12,olive,16.913143,43.5270692527944
rwp_rawat_12,wheat,55.860336,34.52996302695518
rwp_rawat_20,chickpea,36.67069,30.755352016556902
rwp_rawat_20,groundnut,46.348057,44.6121801581605
rwp_rawat_20,maize,85.43972,77.3685586
rwp_rawat_20,mustard,13.832214,22.609952126694505
rwp_rawat_20,olive,16.913143,43.5270692527944
rwp_rawat_20,wheat,55.860336,34.52996302695518
rwp_rawat_21,chickpea,36.67069,30.755352016556902
rwp_rawat_21,groundnut,46.348057,44.6121801581605
rwp_rawat_21,maize,85.43972,77.3685586
rwp_rawat_21,mustard,13.832214,22.609952126694505
rwp_rawat_21,olive,16.913143,43.5270692527944
rwp_rawat_21,wheat,55.860336,34.52996302695518
rwp_rawat_22,chickpea,36.67069,30.755352016556902
rwp_rawat_22,groundnut,46.348057,44.6121801581605
rwp_rawat_22,maize,85.43972,77.3685586
rwp_rawat_22,mustard,13.832214,22.609952126694505
rwp_rawat_22,olive,16.913143,43.5270692527944
rwp_rawat_22,wheat,55.860336,34.52996302695518
